{
  "accuracy": 0.9656652360515021,
  "precision": 0.9210526315789473,
  "recall": 0.875,
  "f1": 0.8974358974358975,
  "decision_threshold": 0.46,
  "validation_metrics": {
    "accuracy": 0.9656652360515021,
    "precision": 0.8478260869565217,
    "recall": 0.975,
    "f1": 0.9069767441860465
  }
}