{
  "accuracy": 0.9570815450643777,
  "precision": 0.9166666666666666,
  "recall": 0.825,
  "f1": 0.868421052631579
}